{"topics":[{"id":0,"title":"Legal Matters: Recurring Medical Malpractice Topics - Six Case Examples","descriptionURL":"","description":{"presentedBy":"Presented by attorneys from the law firm of Hancock, Daniel, Johnson & Nagle, P.C.","overviewHtml":"<p class=\"Normal\" style=\"color: rgb(0, 0, 0);\"><span class=\"Normal__Char\"><b>Overview</b></span></p><p class=\"Normal\" style=\"color: rgb(0, 0, 0);\">This program will review the most common recurring issues that serve as a basis for medical malpractice litigation. These issues include differential diagnoses, informed consent, complications of treatment, poor communication and poor record-keeping. The discussion will include short video vignettes.</p><p class=\"Normal\" style=\"color: rgb(0, 0, 0);\"> </p><p class=\"Normal\" style=\"color: rgb(0, 0, 0);\"><span class=\"Normal__Char\"><b>About the Presenter</b></span></p><p class=\"Normal\" style=\"color: rgb(0, 0, 0);\">The backbone of Hancock, Daniel, Johnson &amp; Nagle, P.C.’s litigation practice centers on defending Physicians, hospitals, nurses, nursing homes and other health care providers in medical malpractice actions.</p><p class=\"Normal\" style=\"color: rgb(0, 0, 0);\"> </p><p class=\"Normal\" style=\"color: rgb(0, 0, 0);\"><span class=\"Normal__Char\"><b>Objectives</b></span></p><p class=\"Normal\" style=\"color: rgb(0, 0, 0);\">Upon completion of this live activity, participants will be better able to:</p><p class=\"Normal\" style=\"color: rgb(0, 0, 0);\">• Recognize the most common recurring issues in medical malpractice litigation</p><p class=\"Normal\" style=\"color: rgb(0, 0, 0);\">• Understand how these issues play out in malpractice litigation</p><p class=\"Normal\" style=\"color: rgb(0, 0, 0);\">• Learn techniques to best avoid these issues</p><p class=\"Normal\" style=\"color: rgb(0, 0, 0);\"> </p><p class=\"Normal\" style=\"color: rgb(0, 0, 0);\"><span class=\"Normal__Char\"><b>Program Schedule</b></span></p><p class=\"Normal\" style=\"color: rgb(0, 0, 0);\">5:30 p.m. Registration and light dinner</p><p class=\"Normal\" style=\"color: rgb(0, 0, 0);\">6:00 p.m. Program begins</p><p class=\"Normal\" style=\"color: rgb(0, 0, 0);\">6:30 p.m. Grace period ends –<span class=\"Apple-converted-space\"> </span><span class=\"Normal__Char\" style=\"text-decoration: underline;\">no one will be admitted after this time</span></p><p class=\"Normal\" style=\"color: rgb(0, 0, 0);\">8:00 p.m. Program ends</p><p class=\"Normal\" style=\"color: rgb(0, 0, 0);\"> </p><p class=\"Normal\" style=\"color: rgb(0, 0, 0);\"><span class=\"Normal__Char\"><b>Accreditation Statement</b></span></p><p class=\"Normal\" style=\"color: rgb(0, 0, 0);\">MEDICAL MUTUAL Liability Insurance Society of Maryland, which is affiliated with the Professionals Advocate Insurance Company, is accredited by the Accreditation Council for Continuing Medical Education (ACCME) to provide continuing medical education for physicians.</p><p class=\"Normal\" style=\"color: rgb(0, 0, 0);\"> </p><p class=\"Normal\" style=\"color: rgb(0, 0, 0);\"><span class=\"Normal__Char\"><b>Designation Statement</b></span></p><p class=\"Normal\" style=\"color: rgb(0, 0, 0);\">MEDICAL MUTUAL designates this live activity for a maximum of two (2) AMA PRA Category 1 Credit(s).™ Physicians should claim only the credit commensurate with the extent of their participation in the activity.</p><p></p>"},"$$hashKey":"object:50"},{"id":1485449679486,"title":"Case in Point III: Failure to Diagnose","descriptionURL":"HSCIP317V","description":{"presentedBy":"Authored by members of MEDICAL MUTUAL’s risk management, claims, communications, policy information and legal departments","overviewHtml":"<h4>Overview</h4><p>Case in Point III examines closed medical malpractice claims that have diagnostic error as their core allegation. The selected cases illustrate an all-too-common theme presented in a variety of clinical situations where a Physician’s failure to diagnose a patient properly led to a lawsuit.</p><p>Participants who successfully complete Case in Point III will receive the same 5% premium discount that they would receive for attending a live activity.</p><h4>NOTE</h4><p>If you have previously completed the Case In Point III home study course, you are NOT eligible to receive a premium discount or CME Credits by taking it again in 2017.<br/><br/></p><h4>Objectives</h4><p>Upon completion of this live activity, participants will be better able to:</p><ul><li>Identify what constitutes an allegation of failure to diagnose in a malpractice lawsuit</li><li>Recognize the role of the medical record in preventing diagnostic errors</li><li>Increase Physician-patient communication and participation in their own health care</li><li>Implement changes in practice to minimize delay in diagnosis or failure to diagnose</li></ul><p><br/></p><h4>How Case in Point Works</h4><p>Participants will receive a copy of the Case in Point book by mail. To satisfy the requirements of the course, participants must read the book and complete a short post-test at the conclusion. Participants will also be asked to complete an evaluation form. The finished post-test and evaluation form should be sent back to MEDICAL MUTUAL in the postage paid envelope included with the book.<br/><br/>Completed tests and evaluations are due no later than September 29, 2017. <br/>The cut-off date to register for Case in Point is August 25, 2017.</p><h4><br/>Accreditation Statement</h4><p>MEDICAL MUTUAL Liability Insurance Society of Maryland, which is affiliated with the Professionals Advocate Insurance Company, is accredited by the Accreditation Council for Continuing Medical Education (ACCME) to provide continuing medical education for physicians.<br/><br/></p><h4>Designation Statement</h4><p>MEDICAL MUTUAL Liability Insurance Society of Maryland designates this enduring material for a maximum of two (2) AMA PRA Category 1 Credit(s).™ Physicians should claim only the credit commensurate with the extent of their participation in the activity.<br/></p>"},"$$hashKey":"object:406"},{"id":1485463511163,"title":"Case in Point II: Documentation","descriptionURL":"HSCIPII17V","description":{"presentedBy":"Authored by members of MEDICAL MUTUAL’s risk management, claims, communications, policy information and legal departments","overviewHtml":"<p></p><p><b>Overview</b></p><p>Case in Point II is our second risk management publication<br/>featuring a series of closed-claim scenarios that focus on issues involving<br/>medical record documentation. The selected cases serve to provide the reader<br/>with situations in which poor or non-existent documentation created patient<br/>safety issues and allegations of negligent treatment for the Physician.</p><p>Participants who successfully complete Case in Point II will<br/>receive the same 5% premium discount that they would receive for attending a<br/>live activity. </p><p><b>NOTE</b></p><p>If you have previously completed the Case In Point II home<br/>study course, you are NOT eligible to receive a premium discount or CME Credits<br/>by taking it again in 2017.</p><p><b>Objectives</b></p><p>Upon completion of this live activity, participants will be<br/>better able to:</p><p>•<span>             </span>Identify<br/>weaknesses in the</p><p>medical record that can result in miscommunication and poor<br/>patient outcomes</p><p>•<span>             </span>Understand<br/>the role of the medical record as crucial evidence in medical malpractice<br/>litigation</p><p>•<span>             </span>Recognize<br/>how strong documentation can prevent litigation</p><p><b>How Case in Point<br/>Works</b></p><p>Participants will receive a copy of the Case in Point book<br/>by mail. To satisfy the requirements of the course, participants must read the<br/>book and complete a short post-test at the conclusion. Participants will also<br/>be asked to complete an evaluation form. The finished post-test and evaluation<br/>form should be sent back to MEDICAL MUTUAL in the postage paid envelope<br/>included with the book.</p><p>Completed tests and evaluations are due no later than<br/>September 29, 2017. </p><p>The cut-off date to register for Case in Point is August 25,<br/>2017.</p><p><b>Accreditation<br/>Statement</b></p><p></p><p>MEDICAL MUTUAL Liability Insurance Society of Maryland, which is affiliated with the Professionals Advocate Insurance Company, is accredited by the Accreditation Council for Continuing Medical Education (ACCME) to provide continuing medical education for physicians.</p><p></p><p><b>Designation Statement</b></p><p></p>"},"$$hashKey":"object:455"},{"id":1485463591212,"title":"Case in Point: Communication","descriptionURL":"PCIPHS2017","description":{"presentedBy":"Authored by members of MEDICAL MUTUAL’s risk management, claims, communications, policy information and legal departments","overviewHtml":"<p><b>Overview</b></p><p>Case in Point is a publication consisting of closed medical<br/>malpractice claims focusing on the larger issue of communication within the<br/>health care setting. The cases serve as illustrations of how good communication<br/>might have made the difference in a patient’s ultimate outcome or the<br/>defensibility of a claim.</p><p>Participants who successfully complete Case in Point will<br/>receive the same 5% premium discount that they would receive for attending a<br/>live activity. </p><p><b>NOTE</b></p><p>If you have previously completed the Case In Point home<br/>study course, you are NOT eligible to receive a premium discount or CME Credits<br/>by taking it again in 2017.</p><p><b>Objectives</b></p><p>Upon completion of this live activity, participants will be<br/>better able to:</p><p>•<span>             </span>Understand<br/>how communication breakdowns can lead to patient injury and medical malpractice<br/>lawsuits</p><p>•<span>             </span>Gain<br/>added insight into the prevention of communication errors</p><p>•<span>             </span>Implement<br/>strategies to improve communication skills</p><p><b>How Case in Point<br/>Works</b></p><p>Participants will receive a copy of the Case in Point book<br/>by mail. To satisfy the requirements of the course, participants must read the<br/>book and complete a short post-test at the conclusion. Participants will also<br/>be asked to complete an evaluation form. The finished post-test and evaluation<br/>form should be sent back to MEDICAL MUTUAL in the postage paid envelope<br/>included with the book.</p><p>Completed tests and evaluations are due no later than<br/>September 29, 2017. </p><p>The cut-off date to register for Case in Point is August 25,<br/>2017.</p><p><b>Accreditation<br/>Statement</b></p><p></p><p>MEDICAL MUTUAL Liability Insurance Society of Maryland, which is affiliated with the Professionals Advocate Insurance Company, is accredited by the Accreditation Council for Continuing Medical Education (ACCME) to provide continuing medical education for physicians.</p><p></p><p><b>Designation Statement</b></p><p>MEDICAL MUTUAL Liability Insurance Society of Maryland designates this enduring material for a maximum of two (2) AMA PRA Category 1 Credit(s).™ Physicians should claim only the credit commensurate with the extent of their participation in the activity.<br/></p>"},"$$hashKey":"object:868"},{"id":1485463710106,"title":"Opioid Prescribing: Avoid the Pain - A Free Online Program","descriptionURL":"","description":{"presentedBy":"Presented by John T. Sly, Esquire of Waranch & Brown, LLC","overviewHtml":"<p></p><p><b>Overview</b></p><p>It is important that both the health care provider and the<br/>patient be aware of their responsibilities in prescribing and using opioid<br/>medications. An opioid treatment agreement between patient and provider will<br/>help to clarify expectations. This course will focus on effective communication<br/>skills as well as the potential risks and benefits of opioids and when and how<br/>to initiate, maintain, modify, continue or discontinue opioid therapy.</p><p><b>NOTE</b></p><p>This program is worth a maximum of one CME Credit. It does<br/>NOT provide the 5% premium discount.</p><p><b>About the Presenter</b></p><p>John T. Sly is a trial attorney and partner at Waranch &amp;<br/>Brown, LLC. His practice focuses on the aggressive defense of Physicians and<br/>health care facilities throughout Maryland. He has successfully tried to<br/>verdict numerous high-dollar cases and has argued before state and federal<br/>appellate courts. Mr. Sly is AV rated by Martindale Hubbell — the highest<br/>rating for attorneys. Mr. Sly has also been elected to the American Board of<br/>Trial Advocates (ABOTA).</p><p><b>Objectives</b></p><p>Upon completion of this Internet activity, participants will<br/>be better able to:</p><p>•<span>             </span>Understand<br/>the recommended steps to be taken prior to initiating long-term opioid therapy</p><p>•<span>             </span>Understand<br/>the recommended steps to be taken upon initiating long-term opioid therapy</p><p>•<span>             </span>Use<br/>screening tools to assess the baseline risk of opioid addiction/abuse</p><p>•<span>             </span>Implement<br/>the recommended methods for follow-up evaluation and for ensuring appropriate<br/>use of medications</p><p><b>Accreditation Statement</b></p><p>MEDICAL MUTUAL Liability Insurance Society of Maryland is<br/>accredited by the Accreditation Council for Continuing Medical Education<br/>(ACCME) to provide continuing medical education for physicians.</p><p><b>Designation Statement</b></p><p></p>"},"$$hashKey":"object:1288"},{"id":1485649489430,"title":"Medical Matters: Electronic Communications in Health Care","descriptionURL":"","description":{"presentedBy":"Presented by attorneys from the law firm of Hancock, Daniel, Johnson & Nagle, P.C.","overviewHtml":"<h4></h4><p class=\"Normal\" style=\"background-color: rgb(255, 255, 255);color: rgb(0, 0, 0);\"><span class=\"Normal__Char\"><b>Overview</b></span></p><p class=\"Normal\" style=\"background-color: rgb(255, 255, 255);color: rgb(0, 0, 0);\">Communication processes in health care have undergone dramatic changes through the use of electronic forms of communication. This course will take a look at some of those new means of communication. The focus will primarily be on email exchanges, especially those between patients and health care practitioners and those among providers related to patient care. It will also feature sections on telemedicine and on social media and its use by providers as well as patients.</p><p class=\"Normal\" style=\"background-color: rgb(255, 255, 255);color: rgb(0, 0, 0);\"> </p><p class=\"Normal\" style=\"background-color: rgb(255, 255, 255);color: rgb(0, 0, 0);\"><span class=\"Normal__Char\"><b>About the Presenter</b></span></p><p class=\"Normal\" style=\"background-color: rgb(255, 255, 255);color: rgb(0, 0, 0);\">The backbone of Hancock, Daniel, Johnson &amp; Nagle, P.C.’s litigation practice centers on defending Physicians, hospitals, nurses, nursing homes and other health care providers in medical malpractice actions.</p><p class=\"Normal\" style=\"background-color: rgb(255, 255, 255);color: rgb(0, 0, 0);\"> </p><p class=\"Normal\" style=\"background-color: rgb(255, 255, 255);color: rgb(0, 0, 0);\"><span class=\"Normal__Char\"><b>Objectives</b></span></p><p class=\"Normal\" style=\"background-color: rgb(255, 255, 255);color: rgb(0, 0, 0);\">Upon completion of this live activity, participants will be better able to:</p><p class=\"Normal\" style=\"background-color: rgb(255, 255, 255);color: rgb(0, 0, 0);\">• Provide an overview of the use of the Internet and email in health care</p><p class=\"Normal\" style=\"background-color: rgb(255, 255, 255);color: rgb(0, 0, 0);\">• Describe issues related to use of electronic communication in Physician-Patient as well as Physician-Physician relationships</p><p class=\"Normal\" style=\"background-color: rgb(255, 255, 255);color: rgb(0, 0, 0);\">• Discuss security and privacy issues related to electronic communication</p><p class=\"Normal\" style=\"background-color: rgb(255, 255, 255);color: rgb(0, 0, 0);\"> </p><p class=\"Normal\" style=\"background-color: rgb(255, 255, 255);color: rgb(0, 0, 0);\"><span class=\"Normal__Char\"><b>Program Schedule</b></span></p><p class=\"Normal\" style=\"background-color: rgb(255, 255, 255);color: rgb(0, 0, 0);\">5:30 p.m. Registration and light dinner</p><p class=\"Normal\" style=\"background-color: rgb(255, 255, 255);color: rgb(0, 0, 0);\">6:00 p.m. Program begins</p><p class=\"Normal\" style=\"background-color: rgb(255, 255, 255);color: rgb(0, 0, 0);\">6:30 p.m. Grace period ends –<span class=\"Apple-converted-space\"> </span><span class=\"Normal__Char\" style=\"text-decoration: underline;\">no one will be admitted after this time</span></p><p class=\"Normal\" style=\"background-color: rgb(255, 255, 255);color: rgb(0, 0, 0);\">8:00 p.m. Program ends</p><p class=\"Normal\" style=\"background-color: rgb(255, 255, 255);color: rgb(0, 0, 0);\"> </p><p class=\"Normal\" style=\"background-color: rgb(255, 255, 255);color: rgb(0, 0, 0);\"><span class=\"Normal__Char\"><b>Accreditation Statement</b></span></p><p class=\"Normal\" style=\"background-color: rgb(255, 255, 255);color: rgb(0, 0, 0);\">MEDICAL MUTUAL Liability Insurance Society of Maryland, which is affiliated with the Professionals Advocate Insurance Company, is accredited by the Accreditation Council for Continuing Medical Education (ACCME) to provide continuing medical education for physicians.</p><p class=\"Normal\" style=\"background-color: rgb(255, 255, 255);color: rgb(0, 0, 0);\"> </p><p class=\"Normal\" style=\"background-color: rgb(255, 255, 255);color: rgb(0, 0, 0);\"><span class=\"Normal__Char\"><b>Designation Statement</b></span></p><p class=\"Normal\" style=\"background-color: rgb(255, 255, 255);color: rgb(0, 0, 0);\">MEDICAL MUTUAL designates this live activity for a maximum of two (2) AMA PRA Category 1 Credit(s).™ Physicians should claim only the credit commensurate with the extent of their participation in the activity.</p>"},"$$hashKey":"object:97"}],"locations":[{"id":1485648252600,"locationName":"McLean VA Courtyard Marriott","facility":"Courtyard Marriott","address":"1960 Chain Bridge Rd, McLean, VA 22102","coordinates":{"lat":38.9207018,"lng":-77.2271682},"$$hashKey":"object:8"},{"id":1485648396462,"locationName":"Lynchburg Kirkley Hotel","facility":"Kirkley Hotel","address":"2900 Candlers Mountain Rd, Lynchburg, VA 24502","coordinates":{"lat":37.370072,"lng":-79.179132},"$$hashKey":"object:10"},{"id":1485648489486,"locationName":"Manassas Wyndham Garden","facility":"Wyndham Garden","address":"10800 Vandor Ln, Manassas, VA 20109","coordinates":{"lat":38.80287939999999,"lng":-77.5175209},"$$hashKey":"object:11"},{"id":1485648608908,"locationName":"Roanoke Holiday Inn","facility":"Holiday Inn Roanoke-Tanglewood","address":"4468 Starkey Rd, Roanoke, VA 24018","coordinates":{"lat":37.22520410000001,"lng":-79.98405819999999},"$$hashKey":"object:12"},{"id":1485648664578,"locationName":"Norfolk Sentara Norfolk Gen. Hosp.","facility":"Sentara Norfolk Gen. Hosp.","address":"600 Gresham Dr, Norfolk, VA 23507","coordinates":{"lat":36.8621034,"lng":-76.30358190000001},"$$hashKey":"object:13"},{"id":1485648736361,"locationName":"Fairfax Hilton","facility":"Hilton Garden Inn","address":"3950 Fair Ridge Dr, Fairfax, VA 22033","coordinates":{"lat":38.8726498,"lng":-77.37103929999999},"$$hashKey":"object:14"},{"id":1485648769779,"locationName":"Charlottesville Holiday Inn - Monticello","facility":"Holiday Inn - Monticello","address":"1200 5th St SW, Charlottesville, VA 22902","coordinates":{"lat":38.0090812,"lng":-78.506447},"$$hashKey":"object:15"},{"id":1485648859665,"locationName":"Washington DC Washington Hospital Ctr.","facility":"Washington Hospital Ctr.","address":"110 Irving St NW, Washington, DC 20010","coordinates":{"lat":38.92950039999999,"lng":-77.0144985},"$$hashKey":"object:16"},{"id":1485648953430,"locationName":"Alexandria Inova Alexandria Hospital","facility":"Inova Alexandria Hospital","address":"4320 Seminary Rd, Alexandria, VA 22304","coordinates":{"lat":38.82245,"lng":-77.1049983},"$$hashKey":"object:17"},{"id":1485649053832,"locationName":"Richmond Doubletree Hilton","facility":"Doubletree by Hilton","address":"1021 Koger Center Blvd, Richmond, VA 23235","coordinates":{"lat":37.5094578,"lng":-77.598545},"$$hashKey":"object:18"}],"events":[{"id":1485649753499,"location":1485648252600,"date":"2017-03-30T23:29:13.499Z","code":"3582","url":"","topic":1485649489430,"$$hashKey":"object:126"},{"id":1485649798511,"location":1485648396462,"date":"2017-04-13T23:29:58.511Z","code":"3583","url":"","topic":1485649489430,"$$hashKey":"object:132"},{"id":1485649837540,"location":1485648489486,"date":"2017-05-24T23:30:37.540Z","code":"3584","url":"","topic":1485649489430,"$$hashKey":"object:138"},{"id":1485649864672,"location":1485648608908,"date":"2017-06-29T23:31:04.672Z","code":"3585","url":"","topic":1485649489430,"$$hashKey":"object:144"},{"id":1485649955347,"location":1485648664578,"date":"2017-09-28T23:32:35.347Z","code":"3586","url":"","topic":1485649489430,"$$hashKey":"object:150"},{"id":1485649977741,"location":1485648736361,"date":"2017-10-16T23:32:57.741Z","code":"3587","url":"","topic":1485649489430,"$$hashKey":"object:156"},{"id":1485650014647,"location":1485648736361,"date":"2017-04-24T23:33:34.647Z","code":"3588","url":"","topic":0,"$$hashKey":"object:162"},{"id":1485650048254,"location":1485648769779,"date":"2017-05-18T23:34:08.254Z","code":"3589","url":"","topic":0,"$$hashKey":"object:168"},{"id":1485650088469,"location":1485648859665,"date":"2017-06-14T23:34:48.469Z","code":"3590","url":"","topic":0,"$$hashKey":"object:174"},{"id":1485650110773,"location":1485648252600,"date":"2017-09-07T23:35:10.773Z","code":"3591","url":"","topic":0,"$$hashKey":"object:180"},{"id":1485650140866,"location":1485648953430,"date":"2017-10-04T23:35:40.866Z","code":"3592","url":"","topic":0,"$$hashKey":"object:186"},{"id":1485650182061,"location":1485649053832,"date":"2017-10-19T23:36:22.061Z","code":"3593","url":"","topic":0,"$$hashKey":"object:192"},{"id":1485716691757,"location":"","date":"2017-01-01T19:04:51.757Z","code":"HSCIP317V","url":"","topic":1485449679486,"homeStudy":true,"$$hashKey":"object:316"},{"id":1485716719718,"location":"","date":"2017-01-01T19:05:19.718Z","code":"HSCIPII17V","url":"","homeStudy":true,"topic":1485463511163,"$$hashKey":"object:322"},{"id":1485716742063,"location":"","date":"2017-01-01T19:05:42.063Z","code":"PCIPHS2017","url":"","topic":1485463591212,"homeStudy":true,"$$hashKey":"object:328"}]}