{"topics":[{"id":0,"title":"Legal Issues: Recurring Medical Malpractice Topics - Six Case Examples","descriptionURL":"//www.mmlis.com/education_program/seminar_legal.shtml","description":{"presentedBy":"Presented by attorneys from the law firm of Armstrong, Donohue, Ceppos, Vaughan & Rhoades, Chtd.","overviewHtml":"<p class=\"Normal\" style=\"color: rgb(0, 0, 0);\"><span class=\"Normal__Char\"><b>Overview</b></span></p><p class=\"Normal\" style=\"color: rgb(0, 0, 0);\">This program will review the most common recurring issues that serve as a basis for medical malpractice litigation. These issues include differential diagnoses, informed consent, complications of treatment, poor communication, and poor record-keeping. The discussion will include short video vignettes.</p><p class=\"Normal\" style=\"color: rgb(0, 0, 0);\"> </p><p class=\"Normal\" style=\"color: rgb(0, 0, 0);\"><span class=\"Normal__Char\"><b>About the Presenter</b></span></p><p class=\"Normal\" style=\"color: rgb(0, 0, 0);\">Since its inception, the focus of the law firm of Armstrong, Donohue, Ceppos, Vaughan &amp; Rhoades has been primarily on the defense of medical negligence cases, representing countless Physicians across the broadest possible spectrum of medical specialties. Along with their defense work, the firm has provided educational sessions on a number of relevant medico-legal topics.</p><p class=\"Normal\" style=\"color: rgb(0, 0, 0);\"> </p><p class=\"Normal\" style=\"color: rgb(0, 0, 0);\"><span class=\"Normal__Char\"><b>Objectives</b></span></p><p class=\"Normal\" style=\"color: rgb(0, 0, 0);\">Upon completion of this live activity, participants will be better able to:</p><p class=\"Normal\" style=\"color: rgb(0, 0, 0);\">• Recognize the most common recurring issues in medical malpractice litigation</p><p class=\"Normal\" style=\"color: rgb(0, 0, 0);\">• Understand how these issues play out in malpractice litigation</p><p class=\"Normal\" style=\"color: rgb(0, 0, 0);\">• Learn techniques to best avoid these issues</p><p class=\"Normal\" style=\"color: rgb(0, 0, 0);\"> </p><p class=\"Normal\" style=\"color: rgb(0, 0, 0);\"><span class=\"Normal__Char\"><b>Program Schedule</b></span></p><p class=\"Normal\" style=\"color: rgb(0, 0, 0);\">5:30 p.m. Registration and light dinner</p><p class=\"Normal\" style=\"color: rgb(0, 0, 0);\">6:00 p.m. Program begins</p><p class=\"Normal\" style=\"color: rgb(0, 0, 0);\">6:30 p.m. Grace period ends –<span class=\"Apple-converted-space\"> </span><span class=\"Normal__Char\" style=\"text-decoration: underline;\">no one will be admitted after this time</span></p><p class=\"Normal\" style=\"color: rgb(0, 0, 0);\">8:00 p.m. Program ends</p><p class=\"Normal\" style=\"color: rgb(0, 0, 0);\"> </p><p class=\"Normal\" style=\"color: rgb(0, 0, 0);\"><span class=\"Normal__Char\"><b>Accreditation Statement</b></span></p><p class=\"Normal\" style=\"color: rgb(0, 0, 0);\">MEDICAL MUTUAL Liability Insurance Society of Maryland is accredited by the Accreditation Council for Continuing Medical Education (ACCME) to provide continuing medical education for physicians.</p><p class=\"Normal\" style=\"color: rgb(0, 0, 0);\"> </p><p class=\"Normal\" style=\"color: rgb(0, 0, 0);\"><span class=\"Normal__Char\"><b>Designation Statement</b></span></p><p class=\"Normal\" style=\"color: rgb(0, 0, 0);\">MEDICAL MUTUAL designates this live activity for a maximum of two (2) AMA PRA Category 1 Credit(s).™ Physicians should claim only the credit commensurate with the extent of their participation in the activity.</p><p></p>"},"$$hashKey":"object:50"},{"id":1,"title":"HIPAA Revisited: Data Breach Prevention and Data Breach Response for the Physician","descriptionURL":"//www.mmlis.com/education_program/seminar_pathology.shtml","description":{"presentedBy":"Presented by Jeremy Krum, Esquire of Armstrong, Donohue, Ceppos, Vaughan & Rhoades, Chtd.","overviewHtml":"<p class=\"Normal\" style=\"color: rgb(0, 0, 0);\"><span class=\"Normal__Char\"><b>Overview</b></span></p><p class=\"Normal\" style=\"color: rgb(0, 0, 0);\">This seminar will cover cyber security and risk assessments for the Physician and medical practice group, including cyber vulnerability, business continuity, and disaster recovery planning. Participants will likewise become more familiar with data breach prevention and data breach incident response, including breach notification rules and regulations. Topics will include a review of recent ransomware and EHR encryption attacks, practice policies and practice implications.</p><p class=\"Normal\" style=\"color: rgb(0, 0, 0);\"> </p><p class=\"Normal\" style=\"color: rgb(0, 0, 0);\"><span class=\"Normal__Char\"><b>About the Presenter</b></span></p><p class=\"Normal\" style=\"color: rgb(0, 0, 0);\">Jeremy Krum is a partner and shareholder at Armstrong, Donohue, Ceppos, Vaughan &amp; Rhoades. He has been representing hospitals, Physicians, nurses and other health care providers and professional medical practice groups in Maryland and in the District of Columbia for the course of his career. He also handles matters before the Maryland Board of Physicians, D.C. Board of Medicine, and the Maryland State Board of Veterinary Medical Examiners. Mr. Krum is also  an active member of the Maryland Society for Healthcare Risk Management, and he regularly lectures and presents to Physicians, nurses and professional medical practice groups in Maryland and in the District of Columbia on medical malpractice and risk management-related issues.</p><p class=\"Normal\" style=\"color: rgb(0, 0, 0);\"> </p><p class=\"Normal\" style=\"color: rgb(0, 0, 0);\"><span class=\"Normal__Char\"><b>Objectives</b></span></p><p class=\"Normal\" style=\"color: rgb(0, 0, 0);\">Upon completion of this live activity, participants will be better able to:</p><p class=\"Normal\" style=\"color: rgb(0, 0, 0);\">•  Prepare for and implement cyber security assessments and cyber security planning</p><p class=\"Normal\" style=\"color: rgb(0, 0, 0);\">•  Understand HIPAA breach response procedures and breach notifications</p><p class=\"Normal\" style=\"color: rgb(0, 0, 0);\">•  Be familiar with current EMR security concerns and recent cyber security attacks</p><p class=\"Normal\" style=\"color: rgb(0, 0, 0);\">•  Understand both federal and local authority perspectives associated with HIPAA and document security</p><p class=\"Normal\" style=\"color: rgb(0, 0, 0);\"> </p><p class=\"Normal\" style=\"color: rgb(0, 0, 0);\"><span class=\"Normal__Char\"><b>Program Schedule</b></span></p><p class=\"Normal\" style=\"color: rgb(0, 0, 0);\">5:30 p.m. Registration and light dinner</p><p class=\"Normal\" style=\"color: rgb(0, 0, 0);\">6:00 p.m. Program begins</p><p class=\"Normal\" style=\"color: rgb(0, 0, 0);\">6:30 p.m. Grace period ends – <span class=\"Normal__Char\" style=\"text-decoration: underline;\">no one will be admitted after this time</span></p><p class=\"Normal\" style=\"color: rgb(0, 0, 0);\">8:00 p.m. Program ends</p><p class=\"Normal\" style=\"color: rgb(0, 0, 0);\"> </p><p class=\"Normal\" style=\"color: rgb(0, 0, 0);\"><span class=\"Normal__Char\"><b>Accreditation Statement</b></span></p><p class=\"Normal\" style=\"color: rgb(0, 0, 0);\">MEDICAL MUTUAL Liability Insurance Society of Maryland is accredited by the Accreditation Council for Continuing Medical Education (ACCME) to provide continuing medical education for physicians.</p><p class=\"Normal\" style=\"color: rgb(0, 0, 0);\"> </p><p class=\"Normal\" style=\"color: rgb(0, 0, 0);\"><span class=\"Normal__Char\"><b>Designation Statement</b></span></p><p class=\"Normal\" style=\"color: rgb(0, 0, 0);\">MEDICAL MUTUAL designates this live activity for a maximum of two (2) AMA PRA Category 1 Credit(s).™ Physicians should claim only the credit commensurate with the extent of their participation in the activity.</p>"},"$$hashKey":"object:51"},{"id":2,"title":"Closed Claims Study: Anesthesia","descriptionURL":"//www.mmlis.com/education_program/seminar_extenders.shtml","description":{"presentedBy":"Presented by Steven Berlin, M.D. and Gregory Murray, MEDICAL MUTUAL Claims Representative","overviewHtml":"<p class=\"Normal\" style=\"color: rgb(0, 0, 0);\"><span class=\"Normal__Char\"><b>Overview</b></span></p><p class=\"Normal\" style=\"color: rgb(0, 0, 0);\">This new program will review closed anesthesia malpractice claims emanating from the hospital and ambulatory surgicenter. The seminar will identify common risk factors that lead to malpractice claims and offer risk management strategies on how to minimize and even avoid these risk factors.</p><p class=\"Normal\" style=\"color: rgb(0, 0, 0);\"> </p><p class=\"Normal\" style=\"color: rgb(0, 0, 0);\"><span class=\"Normal__Char\"><b>Objectives</b></span></p><p class=\"Normal\" style=\"color: rgb(0, 0, 0);\">Upon completion of this live activity, participants will be better able to:</p><p class=\"Normal\" style=\"color: rgb(0, 0, 0);\">• Recognize malpractice situations involving anesthesia</p><p class=\"Normal\" style=\"color: rgb(0, 0, 0);\">• Identify steps to minimize anesthesia risks</p><p class=\"Normal\" style=\"color: rgb(0, 0, 0);\">• Discuss how to decrease claims based on a review of closed claims involving anesthetic care</p><p class=\"Normal\" style=\"color: rgb(0, 0, 0);\"> </p><p class=\"Normal\" style=\"color: rgb(0, 0, 0);\"><span class=\"Normal__Char\"><b>Program Schedule</b></span></p><p class=\"Normal\" style=\"color: rgb(0, 0, 0);\">5:30 p.m. Registration and light dinner</p><p class=\"Normal\" style=\"color: rgb(0, 0, 0);\">6:00 p.m. Program begins</p><p class=\"Normal\" style=\"color: rgb(0, 0, 0);\">6:30 p.m. Grace period ends – <span class=\"Normal__Char\" style=\"text-decoration: underline;\">no one will be admitted after this time</span></p><p class=\"Normal\" style=\"color: rgb(0, 0, 0);\">8:00 p.m. Program ends</p><p class=\"Normal\" style=\"color: rgb(0, 0, 0);\"> </p><p class=\"Normal\" style=\"color: rgb(0, 0, 0);\"><span class=\"Normal__Char\"><b>Accreditation Statement</b></span></p><p class=\"Normal\" style=\"color: rgb(0, 0, 0);\">MEDICAL MUTUAL Liability Insurance Society of Maryland is accredited by the Accreditation Council for Continuing Medical Education (ACCME) to provide continuing medical education for physicians.</p><p class=\"Normal\" style=\"color: rgb(0, 0, 0);\"> </p><p class=\"Normal\" style=\"color: rgb(0, 0, 0);\"><span class=\"Normal__Char\"><b>Designation Statement</b></span></p><p class=\"Normal\" style=\"color: rgb(0, 0, 0);\">MEDICAL MUTUAL designates this live activity for a maximum of two (2) AMA PRA Category 1 Credit(s).™ Physicians should claim only the credit commensurate with the extent of their participation in the activity.</p>"},"$$hashKey":"object:52"},{"id":3,"title":"Primary Care: Risk Management in a Nutshell","descriptionURL":"//www.mmlis.com/education_program/seminar_telemedicine.shtml","description":{"presentedBy":"Presented by Daniel Kohn, M.D. and Michael Doll, MEDICAL MUTUAL Risk Management Specialist","overviewHtml":"<p class=\"Normal\" style=\"color: rgb(0, 0, 0);\"><span class=\"Normal__Char\"><b>Overview</b></span></p><p class=\"Normal\" style=\"color: rgb(0, 0, 0);\">Whether patients present with common, everyday symptoms or more non-specific ones, Physicians can be lulled into a false sense of security and avoid a full diagnostic investigation. Similarly, delayed or deferred diagnostic efforts in patients with rare or complicated presentations can result in adverse outcomes. This program will focus on how attentive, careful and critical thinking may help avert these complications.</p><p class=\"Normal\" style=\"color: rgb(0, 0, 0);\"> </p><p class=\"Normal\" style=\"color: rgb(0, 0, 0);\"><span class=\"Normal__Char\"><b>Objectives</b></span></p><p class=\"Normal\" style=\"color: rgb(0, 0, 0);\">Upon completion of this live activity, participants will be better able to:</p><p class=\"Normal\" style=\"color: rgb(0, 0, 0);\">• Heighten their awareness of potentially serious complications in patients presenting with seemingly minor or routine complaints</p><p class=\"Normal\" style=\"color: rgb(0, 0, 0);\">• Be vigilant in closely following patients with unusual or complicated illness</p><p class=\"Normal\" style=\"color: rgb(0, 0, 0);\">• Maintain awareness of possible complications in emotionally labile patients who are taking potentially lethal medications</p><p class=\"Normal\" style=\"color: rgb(0, 0, 0);\">• Adhere to protocols and guidelines for obtaining and following routine screening tests</p><p class=\"Normal\" style=\"color: rgb(0, 0, 0);\"> </p><p class=\"Normal\" style=\"color: rgb(0, 0, 0);\"><span class=\"Normal__Char\"><b>Program Schedule</b></span></p><p class=\"Normal\" style=\"color: rgb(0, 0, 0);\">5:30 p.m. Registration and light dinner</p><p class=\"Normal\" style=\"color: rgb(0, 0, 0);\">6:00 p.m. Program begins</p><p class=\"Normal\" style=\"color: rgb(0, 0, 0);\">6:30 p.m. Grace period ends – <span class=\"Normal__Char\" style=\"text-decoration: underline;\">no one will be admitted after this time</span></p><p class=\"Normal\" style=\"color: rgb(0, 0, 0);\">8:00 p.m. Program ends</p><p class=\"Normal\" style=\"color: rgb(0, 0, 0);\"> </p><p class=\"Normal\" style=\"color: rgb(0, 0, 0);\"><span class=\"Normal__Char\"><b>Accreditation Statement</b></span></p><p class=\"Normal\" style=\"color: rgb(0, 0, 0);\">MEDICAL MUTUAL Liability Insurance Society of Maryland is accredited by the Accreditation Council for Continuing Medical Education (ACCME) to provide continuing medical education for physicians.</p><p class=\"Normal\" style=\"color: rgb(0, 0, 0);\"> </p><p class=\"Normal\" style=\"color: rgb(0, 0, 0);\"><span class=\"Normal__Char\"><b>Designation Statement</b></span></p><p class=\"Normal\" style=\"color: rgb(0, 0, 0);\">MEDICAL MUTUAL designates this live activity for a maximum of two (2) AMA PRA Category 1 Credit(s).™ Physicians should claim only the credit commensurate with the extent of their participation in the activity.</p>"},"$$hashKey":"object:53"},{"id":4,"title":"OB/GYN: Risk Management in a Nutshell","descriptionURL":"//www.mmlis.com/education_program/seminar_electronic.shtml","description":{"presentedBy":"Presented by Steven Berlin, M.D. and Gregory Murray, MEDICAL MUTUAL Claims Representative","overviewHtml":"<p class=\"Normal\" style=\"color: rgb(0, 0, 0);\"><span class=\"Normal__Char\"><b>Overview</b></span></p><p class=\"Normal\" style=\"color: rgb(0, 0, 0);\">The 2017 OB/GYN program will focus on common themes underlying the various causes of medical malpractice claims. Closed OB/GYN cases will be reviewed and analyzed from a medico-legal standpoint. The program will also address the effects of a malpractice claim on Physicians.</p><p class=\"Normal\" style=\"color: rgb(0, 0, 0);\"> </p><p class=\"Normal\" style=\"color: rgb(0, 0, 0);\"><span class=\"Normal__Char\"><b>Objectives</b></span></p><p class=\"Normal\" style=\"color: rgb(0, 0, 0);\">Upon completion of this live activity, participants will be better able to:</p><p class=\"Normal\" style=\"color: rgb(0, 0, 0);\">• Identify risk issues resulting in medical malpractice claims</p><p class=\"Normal\" style=\"color: rgb(0, 0, 0);\">• Use information provided to improve patient safety</p><p class=\"Normal\" style=\"color: rgb(0, 0, 0);\">• Understand how to deal with involvement in a medical malpractice lawsuit</p><p class=\"Normal\" style=\"color: rgb(0, 0, 0);\"> </p><p class=\"Normal\" style=\"color: rgb(0, 0, 0);\"><span class=\"Normal__Char\"><b>Program Schedule</b></span></p><p class=\"Normal\" style=\"color: rgb(0, 0, 0);\">5:30 p.m. Registration and light dinner</p><p class=\"Normal\" style=\"color: rgb(0, 0, 0);\">6:00 p.m. Program begins</p><p class=\"Normal\" style=\"color: rgb(0, 0, 0);\">6:30 p.m. Grace period ends – <span class=\"Normal__Char\" style=\"text-decoration: underline;\">no one will be admitted after this time</span></p><p class=\"Normal\" style=\"color: rgb(0, 0, 0);\">8:00 p.m. Program ends</p><p class=\"Normal\" style=\"color: rgb(0, 0, 0);\"> </p><p class=\"Normal\" style=\"color: rgb(0, 0, 0);\"><span class=\"Normal__Char\"><b>Accreditation Statement</b></span></p><p class=\"Normal\" style=\"color: rgb(0, 0, 0);\">MEDICAL MUTUAL Liability Insurance Society of Maryland is accredited by the Accreditation Council for Continuing Medical Education (ACCME) to provide continuing medical education for physicians.</p><p class=\"Normal\" style=\"color: rgb(0, 0, 0);\"> </p><p class=\"Normal\" style=\"color: rgb(0, 0, 0);\"><span class=\"Normal__Char\"><b>Designation Statement</b></span></p><p class=\"Normal\" style=\"color: rgb(0, 0, 0);\">MEDICAL MUTUAL designates this live activity for a maximum of two (2) AMA PRA Category 1 Credit(s).™ Physicians should claim only the credit commensurate with the extent of their participation in the activity.</p>"},"$$hashKey":"object:54"},{"id":5,"title":"Surgery: Minimizing Risk","descriptionURL":"//www.mmlis.com/education_program/seminar_legal.shtml","description":{"presentedBy":"Presented by Francis J. Velez, M.D. and Trace Krueger, Esquire of Baxter, Baker, Sidle & Conn, P.A.","overviewHtml":"<p class=\"Normal\" style=\"color: rgb(0, 0, 0);\"><span class=\"Normal__Char\"><b>Overview</b></span></p><p class=\"Normal\" style=\"color: rgb(0, 0, 0);\">Surgery is a science and art that is often imperfect. Those who practice surgery risk malpractice liability when surgical outcomes are unexpected or less than ideal. This new course focuses on how those who practice surgery can minimize their potential exposure to malpractice lawsuits.</p><p class=\"Normal\" style=\"color: rgb(0, 0, 0);\"> </p><p class=\"Normal\" style=\"color: rgb(0, 0, 0);\"><span class=\"Normal__Char\"><b>Objectives</b></span></p><p class=\"Normal\" style=\"color: rgb(0, 0, 0);\">Upon completion of this live activity, participants will be better able to:</p><p class=\"Normal\" style=\"color: rgb(0, 0, 0);\">• Analyze and discuss actual surgical malpractice cases to understand how they might have been avoided or mitigated</p><p class=\"Normal\" style=\"color: rgb(0, 0, 0);\">• Review informed consent and the role</p><p class=\"Normal\" style=\"color: rgb(0, 0, 0);\">it plays in protecting surgeons from medical malpractice liability</p><p class=\"Normal\" style=\"color: rgb(0, 0, 0);\">• Explore surgical best practices for determining whether and when to recommend surgery and/or refer patients</p><p class=\"Normal\" style=\"color: rgb(0, 0, 0);\">• Address the importance of communication and follow-up in surgical practice as tools to minimize risk</p><p class=\"Normal\" style=\"color: rgb(0, 0, 0);\"> </p><p class=\"Normal\" style=\"color: rgb(0, 0, 0);\"><span class=\"Normal__Char\"><b>Program Schedule</b></span></p><p class=\"Normal\" style=\"color: rgb(0, 0, 0);\">5:30 p.m. Registration and light dinner</p><p class=\"Normal\" style=\"color: rgb(0, 0, 0);\">6:00 p.m. Program begins</p><p class=\"Normal\" style=\"color: rgb(0, 0, 0);\">6:30 p.m. Grace period ends – <span class=\"Normal__Char\" style=\"text-decoration: underline;\">no one will be admitted after this time</span></p><p class=\"Normal\" style=\"color: rgb(0, 0, 0);\">8:00 p.m. Program ends</p><p class=\"Normal\" style=\"color: rgb(0, 0, 0);\"> </p><p class=\"Normal\" style=\"color: rgb(0, 0, 0);\"><span class=\"Normal__Char\"><b>Accreditation Statement</b></span></p><p class=\"Normal\" style=\"color: rgb(0, 0, 0);\">MEDICAL MUTUAL Liability Insurance Society of Maryland is accredited by the Accreditation Council for Continuing Medical Education (ACCME) to provide continuing medical education for physicians.</p><p class=\"Normal\" style=\"color: rgb(0, 0, 0);\"> </p><p class=\"Normal\" style=\"color: rgb(0, 0, 0);\"><span class=\"Normal__Char\"><b>Designation Statement</b></span></p><p class=\"Normal\" style=\"color: rgb(0, 0, 0);\">MEDICAL MUTUAL designates this live activity for a maximum of two (2) AMA PRA Category 1 Credit(s).™ Physicians should claim only the credit commensurate with the extent of their participation in the activity.</p>"},"$$hashKey":"object:55"},{"id":6,"title":"Ophthalmology: Eye Opening Risk Issues","descriptionURL":"//www.mmlis.com/education_program/seminar_legal.shtml","description":{"presentedBy":"Presented by Alan Malouf, M.D. and Neal Brown of Waranch & Brown, LLC","overviewHtml":"<p class=\"Normal\" style=\"color: rgb(0, 0, 0);\"><span class=\"Normal__Char\"><b>Overview</b></span></p><p class=\"Normal\" style=\"color: rgb(0, 0, 0);\">The focus of this new program will be identifying top risk areas in ophthalmology based on litigation experience. The course will explore methods to avoid these areas and examine best practices necessary in treating the patients who often represent these risks.</p><p class=\"Normal\" style=\"color: rgb(0, 0, 0);\"> </p><p class=\"Normal\" style=\"color: rgb(0, 0, 0);\"><span class=\"Normal__Char\"><b>Objectives</b></span></p><p class=\"Normal\" style=\"color: rgb(0, 0, 0);\">Upon completion of this live activity, participants will be better able to:</p><p class=\"Normal\" style=\"color: rgb(0, 0, 0);\">• Identify three major risk areas in treating the ophthalmic patient</p><p class=\"Normal\" style=\"color: rgb(0, 0, 0);\">• Learn risk avoidance</p><p class=\"Normal\" style=\"color: rgb(0, 0, 0);\">• Implement best practices to decrease the risk of a poor patient outcome and medical malpractice litigation</p><p class=\"Normal\" style=\"color: rgb(0, 0, 0);\"> </p><p class=\"Normal\" style=\"color: rgb(0, 0, 0);\"><span class=\"Normal__Char\"><b>Program Schedule</b></span></p><p class=\"Normal\" style=\"color: rgb(0, 0, 0);\">5:30 p.m. Registration and light dinner</p><p class=\"Normal\" style=\"color: rgb(0, 0, 0);\">6:00 p.m. Program begins</p><p class=\"Normal\" style=\"color: rgb(0, 0, 0);\">6:30 p.m. Grace period ends – <span class=\"Normal__Char\" style=\"text-decoration: underline;\">no one will be admitted after this time</span></p><p class=\"Normal\" style=\"color: rgb(0, 0, 0);\">8:00 p.m. Program ends</p><p class=\"Normal\" style=\"color: rgb(0, 0, 0);\"> </p><p class=\"Normal\" style=\"color: rgb(0, 0, 0);\"><span class=\"Normal__Char\"><b>Accreditation Statement</b></span></p><p class=\"Normal\" style=\"color: rgb(0, 0, 0);\">MEDICAL MUTUAL Liability Insurance Society of Maryland is accredited by the Accreditation Council for Continuing Medical Education (ACCME) to provide continuing medical education for physicians.</p><p class=\"Normal\" style=\"color: rgb(0, 0, 0);\"> </p><p class=\"Normal\" style=\"color: rgb(0, 0, 0);\"><span class=\"Normal__Char\"><b>Designation Statement</b></span></p><p class=\"Normal\" style=\"color: rgb(0, 0, 0);\">MEDICAL MUTUAL designates this live activity for a maximum of two (2) AMA PRA Category 1 Credit(s).™ Physicians should claim only the credit commensurate with the extent of their participation in the activity.</p>"},"$$hashKey":"object:56"},{"id":7,"title":"Emergency Medicine (EMR Issues)","descriptionURL":"//www.mmlis.com/education_program/seminar_legal.shtml","description":{"presentedBy":"Presented by Daniel Kohn, M.D. and Eric Rhoades, Esquire of Armstrong, Donohue, Ceppos, Vaughan & Rhoades, Chtd.","overviewHtml":"<p class=\"Normal\" style=\"color: rgb(0, 0, 0);\"><span class=\"Normal__Char\"><b>Overview</b></span></p><p class=\"Normal\" style=\"color: rgb(0, 0, 0);\">This program will educate emergency Physicians who practice in Maryland on frequently encountered medico-legal issues relating to the use of electronic medical records (EMR). The discussion will aid Physicians, nurse practitioners and physician assistants in identifying these issues and developing risk management strategies relating to recurring EMR issues. Closed claims involving medical malpractice cases in the ED setting will also be discussed in the second half of the program.</p><p class=\"Normal\" style=\"color: rgb(0, 0, 0);\"> </p><p class=\"Normal\" style=\"color: rgb(0, 0, 0);\"><span class=\"Normal__Char\"><b>Objectives</b></span></p><p class=\"Normal\" style=\"color: rgb(0, 0, 0);\">Upon completion of this live activity, participants will be better able to:</p><p class=\"Normal\" style=\"color: rgb(0, 0, 0);\">• Address issues unique to the electronic medical record</p><p class=\"Normal\" style=\"color: rgb(0, 0, 0);\">• Understand how EMR platforms vary across vendors in complexity and institutional customization</p><p class=\"Normal\" style=\"color: rgb(0, 0, 0);\">• Recognize associated risk management issues with EMR use in order to avoid diagnostic errors and miscommunication among providers</p><p class=\"Normal\" style=\"color: rgb(0, 0, 0);\">• Review and develop strategies to more effectively employ the EMR system in current ED practice</p><p class=\"Normal\" style=\"color: rgb(0, 0, 0);\">• Identify and mitigate risk issues in the Emergency Department</p><p class=\"Normal\" style=\"color: rgb(0, 0, 0);\"> </p><p class=\"Normal\" style=\"color: rgb(0, 0, 0);\"><span class=\"Normal__Char\"><b>Program Schedule</b></span></p><p class=\"Normal\" style=\"color: rgb(0, 0, 0);\">5:30 p.m. Registration and light dinner</p><p class=\"Normal\" style=\"color: rgb(0, 0, 0);\">6:00 p.m. Program begins</p><p class=\"Normal\" style=\"color: rgb(0, 0, 0);\">6:30 p.m. Grace period ends – <span class=\"Normal__Char\" style=\"text-decoration: underline;\">no one will be admitted after this time</span></p><p class=\"Normal\" style=\"color: rgb(0, 0, 0);\">8:00 p.m. Program ends</p><p class=\"Normal\" style=\"color: rgb(0, 0, 0);\"> </p><p class=\"Normal\" style=\"color: rgb(0, 0, 0);\"><span class=\"Normal__Char\"><b>Accreditation Statement</b></span></p><p class=\"Normal\" style=\"color: rgb(0, 0, 0);\">MEDICAL MUTUAL Liability Insurance Society of Maryland is accredited by the Accreditation Council for Continuing Medical Education (ACCME) to provide continuing medical education for physicians.</p><p class=\"Normal\" style=\"color: rgb(0, 0, 0);\"> </p><p class=\"Normal\" style=\"color: rgb(0, 0, 0);\"><span class=\"Normal__Char\"><b>Designation Statement</b></span></p><p class=\"Normal\" style=\"color: rgb(0, 0, 0);\">MEDICAL MUTUAL designates this live activity for a maximum of two (2) AMA PRA Category 1 Credit(s).™ Physicians should claim only the credit commensurate with the extent of their participation in the activity.</p>"},"$$hashKey":"object:57"},{"id":8,"title":"Pediatrics: Big Risks Come in Small Packages","descriptionURL":"//www.mmlis.com/education_program/seminar_legal.shtml","description":{"presentedBy":"Presented by Carol Plotsky, M.D. and Erica Mudd, Esquire of Armstrong, Donohue, Ceppos, Vaughan & Rhoades, Chtd.","overviewHtml":"<p class=\"Normal\" style=\"color: rgb(0, 0, 0);\"><span class=\"Normal__Char\"><b>Overview</b></span></p><p class=\"Normal\" style=\"color: rgb(0, 0, 0);\">This year’s pediatrics program will seek to address various medico-legal issues frequently encountered by pediatricians, nurse practitioners, physician assistants and other Physician specialists who deal predominantly with the pediatric patient. The program will address frequently encountered topics, including: the pitfalls of medical record documentation, the impact of office staff, medication prescribing practices (including psychiatric medications), informed consent, keeping PHI secure and communication.</p><p class=\"Normal\" style=\"color: rgb(0, 0, 0);\"> </p><p class=\"Normal\" style=\"color: rgb(0, 0, 0);\"><span class=\"Normal__Char\"><b>Objectives</b></span></p><p class=\"Normal\" style=\"color: rgb(0, 0, 0);\">Upon completion of this live activity, participants will be better able to:</p><p class=\"Normal\" style=\"color: rgb(0, 0, 0);\">• Understand the legal implications of common issues that can arise involving clinical care, patient interactions and in connection with the medical record</p><p class=\"Normal\" style=\"color: rgb(0, 0, 0);\">• Understand how to respond to a variety of issues that can arise in the pediatric care setting and can create both clinical and legal risk</p><p class=\"Normal\" style=\"color: rgb(0, 0, 0);\">• Understand Maryland law (and federal law where applicable) as it applies to medico-legal issues that may be unique to the pediatric provider</p><p class=\"Normal\" style=\"color: rgb(0, 0, 0);\">• Review and develop clinical and risk management strategies to address frequently occurring medical and legal issues relating to communication in the pediatric health care setting</p><p class=\"Normal\" style=\"color: rgb(0, 0, 0);\"> </p><p class=\"Normal\" style=\"color: rgb(0, 0, 0);\"><span class=\"Normal__Char\"><b>Program Schedule</b></span></p><p class=\"Normal\" style=\"color: rgb(0, 0, 0);\">5:30 p.m. Registration and light dinner</p><p class=\"Normal\" style=\"color: rgb(0, 0, 0);\">6:00 p.m. Program begins</p><p class=\"Normal\" style=\"color: rgb(0, 0, 0);\">6:30 p.m. Grace period ends – <span class=\"Normal__Char\" style=\"text-decoration: underline;\">no one will be admitted after this time</span></p><p class=\"Normal\" style=\"color: rgb(0, 0, 0);\">8:00 p.m. Program ends</p><p class=\"Normal\" style=\"color: rgb(0, 0, 0);\"> </p><p class=\"Normal\" style=\"color: rgb(0, 0, 0);\"><span class=\"Normal__Char\"><b>Accreditation Statement</b></span></p><p class=\"Normal\" style=\"color: rgb(0, 0, 0);\">MEDICAL MUTUAL Liability Insurance Society of Maryland is accredited by the Accreditation Council for Continuing Medical Education (ACCME) to provide continuing medical education for physicians.</p><p class=\"Normal\" style=\"color: rgb(0, 0, 0);\"> </p><p class=\"Normal\" style=\"color: rgb(0, 0, 0);\"><span class=\"Normal__Char\"><b>Designation Statement</b></span></p><p class=\"Normal\" style=\"color: rgb(0, 0, 0);\">MEDICAL MUTUAL designates this live activity for a maximum of two (2) AMA PRA Category 1 Credit(s).™ Physicians should claim only the credit commensurate with the extent of their participation in the activity.</p>"},"$$hashKey":"object:58"},{"id":1485449679486,"title":"Case in Point III: Failure to Diagnose","descriptionURL":"HSCIP317","description":{"presentedBy":"Authored by members of MEDICAL MUTUAL’s risk management, claims, communications, policy information and legal departments","overviewHtml":"<h4>Overview</h4><p>Case in Point III examines closed medical malpractice claims that have diagnostic error as their core allegation. The selected cases illustrate an all-too-common theme presented in a variety of clinical situations where a Physician’s failure to diagnose a patient properly led to a lawsuit.</p><p>Participants who successfully complete Case in Point III will receive the same 5% premium discount that they would receive for attending a live activity.</p><h4>NOTE</h4><p>If you have previously completed the Case In Point III home study course, you are NOT eligible to receive a premium discount or CME Credits by taking it again in 2017.<br/><br/></p><h4>Objectives</h4><p>Upon completion of this live activity, participants will be better able to:</p><ul><li>Identify what constitutes an allegation of failure to diagnose in a malpractice lawsuit</li><li>Recognize the role of the medical record in preventing diagnostic errors</li><li>Increase Physician-patient communication and participation in their own health care</li><li>Implement changes in practice to minimize delay in diagnosis or failure to diagnose</li></ul><p><br/></p><h4>How Case in Point Works</h4><p>Participants will receive a copy of the Case in Point book by mail. To satisfy the requirements of the course, participants must read the book and complete a short post-test at the conclusion. Participants will also be asked to complete an evaluation form. The finished post-test and evaluation form should be sent back to MEDICAL MUTUAL in the postage paid envelope included with the book.<br/><br/>Completed tests and evaluations are due no later than September 29, 2017. <br/>The cut-off date to register for Case in Point is August 25, 2017.</p><h4><br/>Accreditation Statement</h4><p>MEDICAL MUTUAL Liability Insurance Society of Maryland is accredited by the Accreditation Council for Continuing Medical Education <br/>(ACCME) to provide continuing medical education for physicians.<br/><br/></p><h4>Designation Statement</h4><p>MEDICAL MUTUAL Liability Insurance Society of Maryland designates this enduring material for a maximum of two (2) AMA PRA Category 1 Credit(s).™ Physicians should claim only the credit commensurate with the extent of their participation in the activity.<br/></p>"},"$$hashKey":"object:406"},{"id":1485463511163,"title":"Case in Point II: Documentation","descriptionURL":"","description":{"presentedBy":"Authored by members of MEDICAL MUTUAL’s risk management, claims, communications, policy information and legal departments","overviewHtml":"<p></p><p><b>Overview</b></p><p>Case in Point II is our second risk management publication<br/>featuring a series of closed-claim scenarios that focus on issues involving<br/>medical record documentation. The selected cases serve to provide the reader<br/>with situations in which poor or non-existent documentation created patient<br/>safety issues and allegations of negligent treatment for the Physician.</p><p>Participants who successfully complete Case in Point II will<br/>receive the same 5% premium discount that they would receive for attending a<br/>live activity. </p><p><b>NOTE</b></p><p>If you have previously completed the Case In Point II home<br/>study course, you are NOT eligible to receive a premium discount or CME Credits<br/>by taking it again in 2017.</p><p><b>Objectives</b></p><p>Upon completion of this live activity, participants will be<br/>better able to:</p><p>•<span>             </span>Identify<br/>weaknesses in the</p><p>medical record that can result in miscommunication and poor<br/>patient outcomes</p><p>•<span>             </span>Understand<br/>the role of the medical record as crucial evidence in medical malpractice<br/>litigation</p><p>•<span>             </span>Recognize<br/>how strong documentation can prevent litigation</p><p><b>How Case in Point<br/>Works</b></p><p>Participants will receive a copy of the Case in Point book<br/>by mail. To satisfy the requirements of the course, participants must read the<br/>book and complete a short post-test at the conclusion. Participants will also<br/>be asked to complete an evaluation form. The finished post-test and evaluation<br/>form should be sent back to MEDICAL MUTUAL in the postage paid envelope<br/>included with the book.</p><p>Completed tests and evaluations are due no later than<br/>September 29, 2017. </p><p>The cut-off date to register for Case in Point is August 25,<br/>2017.</p><p><b>Accreditation<br/>Statement</b></p><p>MEDICAL MUTUAL Liability Insurance Society of Maryland is<br/>accredited by the Accreditation Council for Continuing Medical Education </p><p>(ACCME) to provide continuing medical education for<br/>physicians.</p><p><b>Designation Statement</b></p><p></p>"},"$$hashKey":"object:455"},{"id":1485463591212,"title":"Case in Point: Communication","descriptionURL":"","description":{"presentedBy":"Authored by members of MEDICAL MUTUAL’s risk management, claims, communications, policy information and legal departments","overviewHtml":"<p><b>Overview</b></p><p>Case in Point is a publication consisting of closed medical<br/>malpractice claims focusing on the larger issue of communication within the<br/>health care setting. The cases serve as illustrations of how good communication<br/>might have made the difference in a patient’s ultimate outcome or the<br/>defensibility of a claim.</p><p>Participants who successfully complete Case in Point will<br/>receive the same 5% premium discount that they would receive for attending a<br/>live activity. </p><p><b>NOTE</b></p><p>If you have previously completed the Case In Point home<br/>study course, you are NOT eligible to receive a premium discount or CME Credits<br/>by taking it again in 2017.</p><p><b>Objectives</b></p><p>Upon completion of this live activity, participants will be<br/>better able to:</p><p>•<span>             </span>Understand<br/>how communication breakdowns can lead to patient injury and medical malpractice<br/>lawsuits</p><p>•<span>             </span>Gain<br/>added insight into the prevention of communication errors</p><p>•<span>             </span>Implement<br/>strategies to improve communication skills</p><p><b>How Case in Point<br/>Works</b></p><p>Participants will receive a copy of the Case in Point book<br/>by mail. To satisfy the requirements of the course, participants must read the<br/>book and complete a short post-test at the conclusion. Participants will also<br/>be asked to complete an evaluation form. The finished post-test and evaluation<br/>form should be sent back to MEDICAL MUTUAL in the postage paid envelope<br/>included with the book.</p><p>Completed tests and evaluations are due no later than<br/>September 29, 2017. </p><p>The cut-off date to register for Case in Point is August 25,<br/>2017.</p><p><b>Accreditation<br/>Statement</b></p><p>MEDICAL MUTUAL Liability Insurance Society of Maryland is<br/>accredited by the Accreditation Council for Continuing Medical Education </p><p>(ACCME) to provide continuing medical education for<br/>physicians.</p><p><b>Designation Statement</b></p>"},"$$hashKey":"object:868"},{"id":1485463710106,"title":"Opioid Prescribing: Avoid the Pain - A Free Online Program","descriptionURL":"","description":{"presentedBy":"Presented by John T. Sly, Esquire of Waranch & Brown, LLC","overviewHtml":"<p></p><p><b>Overview</b></p><p>It is important that both the health care provider and the<br/>patient be aware of their responsibilities in prescribing and using opioid<br/>medications. An opioid treatment agreement between patient and provider will<br/>help to clarify expectations. This course will focus on effective communication<br/>skills as well as the potential risks and benefits of opioids and when and how<br/>to initiate, maintain, modify, continue or discontinue opioid therapy.</p><p><b>NOTE</b></p><p>This program is worth a maximum of one CME Credit. It does<br/>NOT provide the 5% premium discount.</p><p><b>About the Presenter</b></p><p>John T. Sly is a trial attorney and partner at Waranch &amp;<br/>Brown, LLC. His practice focuses on the aggressive defense of Physicians and<br/>health care facilities throughout Maryland. He has successfully tried to<br/>verdict numerous high-dollar cases and has argued before state and federal<br/>appellate courts. Mr. Sly is AV rated by Martindale Hubbell — the highest<br/>rating for attorneys. Mr. Sly has also been elected to the American Board of<br/>Trial Advocates (ABOTA).</p><p><b>Objectives</b></p><p>Upon completion of this Internet activity, participants will<br/>be better able to:</p><p>•<span>             </span>Understand<br/>the recommended steps to be taken prior to initiating long-term opioid therapy</p><p>•<span>             </span>Understand<br/>the recommended steps to be taken upon initiating long-term opioid therapy</p><p>•<span>             </span>Use<br/>screening tools to assess the baseline risk of opioid addiction/abuse</p><p>•<span>             </span>Implement<br/>the recommended methods for follow-up evaluation and for ensuring appropriate<br/>use of medications</p><p><b>Accreditation Statement</b></p><p>MEDICAL MUTUAL Liability Insurance Society of Maryland is<br/>accredited by the Accreditation Council for Continuing Medical Education<br/>(ACCME) to provide continuing medical education for physicians.</p><p><b>Designation Statement</b></p><p></p>"},"$$hashKey":"object:1288"}],"locations":[{"id":0,"locationName":"DoubleTree Annapolis","facility":"DoubleTree Hotel","address":"210 Holiday Ct, Annapolis, MD 21401","coordinates":{"lat":38.98259,"lng":-76.54740579999998},"$$hashKey":"object:59"},{"id":1,"locationName":"UpperChesapeake BelAir","facility":"Upper Chesapeake Med. Ctr.","address":"500 Upper Chesapeake Dr, Bel Air, MD 21014","coordinates":{"lat":39.5188422,"lng":-76.34612219999997},"$$hashKey":"object:60"},{"id":2,"locationName":"UMDMedCenter Chestertown","facility":"The University of MD Shore Medical Center at Chestertown","address":"100 Brown St, Chestertown, MD 21620","coordinates":{"lat":39.21837,"lng":-76.06449900000001},"$$hashKey":"object:61"},{"id":3,"locationName":"ColonyHotel Clinton","facility":"Colony South Hotel","address":"7401 Surratts Rd, Clinton, MD 20735","coordinates":{"lat":38.74854819999999,"lng":-76.8781682},"$$hashKey":"object:62"},{"id":4,"locationName":"MedMutual Cockeysville","facility":"Medical Mutual","address":"225 International Cir, Cockeysville, MD 21030","coordinates":{"lat":39.4984581,"lng":-76.66619149999997},"$$hashKey":"object:63"},{"id":5,"locationName":"MeetingHouse Columbia","facility":"The Meeting House","address":"5885 Robert Oliver Pl, Columbia, MD 21045","coordinates":{"lat":39.20927229999999,"lng":-76.84554370000001},"$$hashKey":"object:64"},{"id":6,"locationName":"RegionalMed Cumberland","facility":"Western MD Regional Med. Ctr.","address":"12500 Willowbrook Rd, Cumberland, MD 21502","coordinates":{"lat":39.6483691,"lng":-78.7328124},"$$hashKey":"object:65"},{"id":7,"locationName":"ComfortInn Easton","facility":"Comfort Inn","address":"8523 Ocean Gateway, Easton, MD 21601","coordinates":{"lat":38.7831115,"lng":-76.05932259999997},"$$hashKey":"object:66"},{"id":8,"locationName":"HiltonGarden Frederick","facility":"Hilton Garden Inn","address":"7226 Corporate Ct, Frederick, MD 21703","coordinates":{"lat":39.37903499999999,"lng":-77.413926},"$$hashKey":"object:67"},{"id":9,"locationName":"HagerHall Hagerstown","facility":"Hager Hall Conf. & Event Ctr.","address":"901 Dual Hwy, Hagerstown, MD 21740","coordinates":{"lat":39.6329543,"lng":-77.7038321},"$$hashKey":"object:68"},{"id":10,"locationName":"BestWestern Lanham","facility":"Best Western Hotel","address":"5910 Princess Garden Pkwy, Lanham, MD 20706","coordinates":{"lat":38.9618831,"lng":-76.86501880000003},"$$hashKey":"object:69"},{"id":11,"locationName":"RegionalHos Laurel","facility":"Laurel Regional Hospital","address":"7300 Van Dusen Rd, Laurel, MD 20707","coordinates":{"lat":39.0869021,"lng":-76.88163320000001},"$$hashKey":"object:70"},{"id":12,"locationName":"HiltonGarden Rockville","facility":"Hilton Garden Inn","address":"14975 Shady Grove Rd, Rockville, MD 20850","coordinates":{"lat":39.1001509,"lng":-77.19102900000001},"$$hashKey":"object:71"},{"id":13,"locationName":"ShadyGrove Rockville","facility":"The Universities at Shady Grove","address":"9630 Gudelsky Dr, Rockville, MD 20850","coordinates":{"lat":39.09376719999999,"lng":-77.20180849999997},"$$hashKey":"object:72"},{"id":14,"locationName":"PeninsulaRegional Salisbury","facility":"Peninsula Regional Med. Ctr.","address":"100 E Carroll St, Salisbury, MD 21801","coordinates":{"lat":38.362388,"lng":-75.59789610000001},"$$hashKey":"object:73"},{"id":15,"locationName":"HolyCross SilverSpring","facility":"Holy Cross Hospital","address":"1500 Forest Glen Rd, Silver Spring, MD 20910","coordinates":{"lat":39.0147079,"lng":-77.03474870000002},"$$hashKey":"object:74"},{"id":16,"locationName":"CalvertHos PrinceFrederick","facility":"Calvert Memorial Hospital","address":"100 Hospital Rd, Prince Frederick, MD 20678","coordinates":{"lat":38.559783,"lng":-76.596497},"$$hashKey":"object:75"},{"id":17,"locationName":"SuburbanHos Bethesda","facility":"Suburban Hostpital","address":"8600 Old Georgetown Rd, Bethesda, MD 20814","coordinates":{"lat":38.997427,"lng":-77.110478},"$$hashKey":"object:76"},{"id":18,"locationName":"CarrollHos Westminster","facility":"Carroll Hospital Center","address":"200 Memorial Ave, Westminster, MD 21157","coordinates":{"lat":39.558034,"lng":-76.99078},"$$hashKey":"object:77"},{"id":19,"locationName":"StMaryHos Leonardtown","facility":"St. Mary's Hospital","address":"25500 Point Lookout Rd, Leonardtown, MD 20650","coordinates":{"lat":38.301556,"lng":-76.638238},"$$hashKey":"object:78"}],"events":[{"id":"","location":0,"date":"2017-03-06T05:00:00.000Z","code":"5140","url":"https://www.weinsuredocs.org/Prod/Risk?AM1rcA=16MMPHY&AAbfgA=01","topic":0,"$$hashKey":"object:91"},{"id":"","location":7,"date":"2017-03-13T04:00:00.000Z","code":"5141","url":"https://www.weinsuredocs.org/Prod/Risk?AM1rcA=16MMPHY&AAbfgA=01","topic":0,"$$hashKey":"object:95"},{"id":"","location":8,"date":"2017-03-20T04:00:00.000Z","code":"5142","url":"https://www.weinsuredocs.org/Prod/Risk?AM1rcA=16MMPHY&AAbfgA=01","topic":0,"$$hashKey":"object:97"},{"id":"","location":14,"date":"2017-04-06T04:00:00.000Z","code":"5143","url":"https://www.weinsuredocs.org/Prod/Risk?AM1rcA=16MMPHY&AAbfgA=01","topic":0,"$$hashKey":"object:104"},{"id":"","location":4,"date":"2017-05-16T04:00:00.000Z","code":"5132","url":"https://www.weinsuredocs.org/Prod/Risk?AM1rcA=16MMPHY&AAbfgA=01","topic":0,"$$hashKey":"object:115"},{"id":"","location":15,"date":"2017-04-26T04:00:00.000Z","code":"5144","url":"https://www.weinsuredocs.org/Prod/Risk?AM1rcA=16MMPHY&AAbfgA=01","topic":0,"$$hashKey":"object:108"},{"id":"","location":5,"date":"2017-05-08T04:00:00.000Z","code":"5145","url":"https://www.weinsuredocs.org/Prod/Risk?AM1rcA=16MMPHY&AAbfgA=01","topic":0,"$$hashKey":"object:112"},{"id":"","location":6,"date":"2017-06-22T04:00:00.000Z","code":"5146","url":"https://www.weinsuredocs.org/Prod/Risk?AM1rcA=16MMPHY&AAbfgA=01","topic":0,"$$hashKey":"object:127"},{"id":"","location":16,"date":"2017-06-26T04:00:00.000Z","code":"5147","url":"https://www.weinsuredocs.org/Prod/Risk?AM1rcA=16MMPHY&AAbfgA=01","topic":0,"$$hashKey":"object:128"},{"id":"","location":15,"date":"2017-06-27T04:00:00.000Z","code":"5209","url":"https://www.weinsuredocs.org/Prod/Risk?AM1rcA=16MMPHY&AAbfgA=01","topic":0,"$$hashKey":"object:129"},{"id":"","location":17,"date":"2017-07-19T04:00:00.000Z","code":"5148","url":"https://www.weinsuredocs.org/Prod/Risk?AM1rcA=16MMPHY&AAbfgA=01","topic":0,"$$hashKey":"object:130"},{"id":"","location":2,"date":"2017-07-20T04:00:00.000Z","code":"5149","url":"https://www.weinsuredocs.org/Prod/Risk?AM1rcA=16MMPHY&AAbfgA=01","topic":0,"$$hashKey":"object:131"},{"id":"","location":10,"date":"2017-08-09T04:00:00.000Z","code":"5150","url":"https://www.weinsuredocs.org/Prod/Risk?AM1rcA=16MMPHY&AAbfgA=01","topic":0,"$$hashKey":"object:137"},{"id":"","location":13,"date":"2017-08-21T04:00:00.000Z","code":"5151","url":"https://www.weinsuredocs.org/Prod/Risk?AM1rcA=16MMPHY&AAbfgA=01","topic":0,"$$hashKey":"object:143"},{"id":"","location":9,"date":"2017-09-14T04:00:00.000Z","code":"5153","url":"https://www.weinsuredocs.org/Prod/Risk?AM1rcA=16MMPHY&AAbfgA=01","topic":0,"$$hashKey":"object:153"},{"id":"","location":1,"date":"2017-09-19T04:00:00.000Z","code":"5154","url":"https://www.weinsuredocs.org/Prod/Risk?AM1rcA=16MMPHY&AAbfgA=01","topic":0,"$$hashKey":"object:155"},{"id":"","location":11,"date":"2017-09-25T04:00:00.000Z","code":"5155","url":"https://www.weinsuredocs.org/Prod/Risk?AM1rcA=16MMPHY&AAbfgA=01","topic":0,"$$hashKey":"object:157"},{"id":"","location":4,"date":"2017-09-27T04:00:00.000Z","code":"5156","url":"https://www.weinsuredocs.org/Prod/Risk?AM1rcA=16MMPHY&AAbfgA=01","topic":0,"$$hashKey":"object:159"},{"id":"","location":4,"date":"2017-03-07T05:00:00.000Z","code":"5157","url":"https://www.weinsuredocs.org/Prod/Risk?AM1rcA=16MMPHY&AAbfgA=01","topic":1,"$$hashKey":"object:92"},{"id":"","location":12,"date":"2017-04-03T04:00:00.000Z","code":"5158","url":"https://www.weinsuredocs.org/Prod/Risk?AM1rcA=16MMPHY&AAbfgA=01","topic":1,"$$hashKey":"object:102"},{"id":"","location":6,"date":"2017-04-27T04:00:00.000Z","code":"5159","url":"https://www.weinsuredocs.org/Prod/Risk?AM1rcA=16MMPHY&AAbfgA=01","topic":1,"$$hashKey":"object:109"},{"id":"","location":18,"date":"2017-06-05T04:00:00.000Z","code":"5160","url":"https://www.weinsuredocs.org/Prod/Risk?AM1rcA=16MMPHY&AAbfgA=01","topic":1,"$$hashKey":"object:120"},{"id":"","location":14,"date":"2017-06-15T04:00:00.000Z","code":"5161","url":"https://www.weinsuredocs.org/Prod/Risk?AM1rcA=16MMPHY&AAbfgA=01","topic":1,"$$hashKey":"object:124"},{"id":"","location":1,"date":"2017-06-21T04:00:00.000Z","code":"5162","url":"https://www.weinsuredocs.org/Prod/Risk?AM1rcA=16MMPHY&AAbfgA=01","topic":1,"$$hashKey":"object:126"},{"id":"","location":7,"date":"2017-07-31T04:00:00.000Z","code":"5163","url":"https://www.weinsuredocs.org/Prod/Risk?AM1rcA=16MMPHY&AAbfgA=01","topic":1,"$$hashKey":"object:135"},{"id":"","location":4,"date":"2017-08-16T04:00:00.000Z","code":"5164","url":"https://www.weinsuredocs.org/Prod/Risk?AM1rcA=16MMPHY&AAbfgA=01","topic":1,"$$hashKey":"object:140"},{"id":"","location":8,"date":"2017-09-06T04:00:00.000Z","code":"5165","url":"https://www.weinsuredocs.org/Prod/Risk?AM1rcA=16MMPHY&AAbfgA=01","topic":1,"$$hashKey":"object:149"},{"id":"","location":5,"date":"2017-09-12T04:00:00.000Z","code":"5166","url":"https://www.weinsuredocs.org/Prod/Risk?AM1rcA=16MMPHY&AAbfgA=01","topic":1,"$$hashKey":"object:151"},{"id":"","location":18,"date":"2017-03-21T04:00:00.000Z","code":"5167","url":"https://www.weinsuredocs.org/Prod/Risk?AM1rcA=16MMPHY&AAbfgA=01","topic":2,"$$hashKey":"object:98"},{"id":"","location":12,"date":"2017-04-24T04:00:00.000Z","code":"5168","url":"https://www.weinsuredocs.org/Prod/Risk?AM1rcA=16MMPHY&AAbfgA=01","topic":2,"$$hashKey":"object:106"},{"id":"","location":0,"date":"2017-07-20T04:00:00.000Z","code":"5169","url":"https://www.weinsuredocs.org/Prod/Risk?AM1rcA=16MMPHY&AAbfgA=01","topic":2,"$$hashKey":"object:132"},{"id":"","location":5,"date":"2017-07-27T04:00:00.000Z","code":"5170","url":"https://www.weinsuredocs.org/Prod/Risk?AM1rcA=16MMPHY&AAbfgA=01","topic":2,"$$hashKey":"object:134"},{"id":"","location":8,"date":"2017-08-16T04:00:00.000Z","code":"5171","url":"https://www.weinsuredocs.org/Prod/Risk?AM1rcA=16MMPHY&AAbfgA=01","topic":2,"$$hashKey":"object:141"},{"id":"","location":15,"date":"2017-08-28T04:00:00.000Z","code":"5172","url":"https://www.weinsuredocs.org/Prod/Risk?AM1rcA=16MMPHY&AAbfgA=01","topic":2,"$$hashKey":"object:146"},{"id":"","location":10,"date":"2017-09-13T04:00:00.000Z","code":"5173","url":"https://www.weinsuredocs.org/Prod/Risk?AM1rcA=16MMPHY&AAbfgA=01","topic":2,"$$hashKey":"object:152"},{"id":"","location":11,"date":"2017-03-09T05:00:00.000Z","code":"5174","url":"https://www.weinsuredocs.org/Prod/Risk?AM1rcA=16MMPHY&AAbfgA=01","topic":3,"$$hashKey":"object:94"},{"id":"","location":10,"date":"2017-03-14T04:00:00.000Z","code":"5175","url":"https://www.weinsuredocs.org/Prod/Risk?AM1rcA=16MMPHY&AAbfgA=01","topic":3,"$$hashKey":"object:96"},{"id":"","location":4,"date":"2017-04-04T04:00:00.000Z","code":"5176","url":"https://www.weinsuredocs.org/Prod/Risk?AM1rcA=16MMPHY&AAbfgA=01","topic":3,"$$hashKey":"object:103"},{"id":"","location":1,"date":"2017-05-02T04:00:00.000Z","code":"5177","url":"https://www.weinsuredocs.org/Prod/Risk?AM1rcA=16MMPHY&AAbfgA=01","topic":3,"$$hashKey":"object:110"},{"id":"","location":8,"date":"2017-05-15T04:00:00.000Z","code":"5178","url":"https://www.weinsuredocs.org/Prod/Risk?AM1rcA=16MMPHY&AAbfgA=01","topic":3,"$$hashKey":"object:114"},{"id":"","location":15,"date":"2017-07-26T04:00:00.000Z","code":"5179","url":"https://www.weinsuredocs.org/Prod/Risk?AM1rcA=16MMPHY&AAbfgA=01","topic":3,"$$hashKey":"object:133"},{"id":"","location":6,"date":"2017-08-14T04:00:00.000Z","code":"5180","url":"https://www.weinsuredocs.org/Prod/Risk?AM1rcA=16MMPHY&AAbfgA=01","topic":3,"$$hashKey":"object:139"},{"id":"","location":4,"date":"2017-08-30T04:00:00.000Z","code":"5181","url":"https://www.weinsuredocs.org/Prod/Risk?AM1rcA=16MMPHY&AAbfgA=01","topic":3,"$$hashKey":"object:147"},{"id":"","location":19,"date":"2017-09-18T04:00:00.000Z","code":"5182","url":"https://www.weinsuredocs.org/Prod/Risk?AM1rcA=16MMPHY&AAbfgA=01","topic":3,"$$hashKey":"object:154"},{"id":"","location":4,"date":"2017-04-20T04:00:00.000Z","code":"5183","url":"https://www.weinsuredocs.org/Prod/Risk?AM1rcA=16MMPHY&AAbfgA=01","topic":4,"$$hashKey":"object:105"},{"id":"","location":0,"date":"2017-05-17T04:00:00.000Z","code":"5184","url":"https://www.weinsuredocs.org/Prod/Risk?AM1rcA=16MMPHY&AAbfgA=01","topic":4,"$$hashKey":"object:116"},{"id":"","location":17,"date":"2017-06-19T04:00:00.000Z","code":"5185","url":"https://www.weinsuredocs.org/Prod/Risk?AM1rcA=16MMPHY&AAbfgA=01","topic":4,"$$hashKey":"object:125"},{"id":"","location":5,"date":"2017-08-10T04:00:00.000Z","code":"5186","url":"https://www.weinsuredocs.org/Prod/Risk?AM1rcA=16MMPHY&AAbfgA=01","topic":4,"$$hashKey":"object:138"},{"id":"","location":4,"date":"2017-09-11T04:00:00.000Z","code":"5187","url":"https://www.weinsuredocs.org/Prod/Risk?AM1rcA=16MMPHY&AAbfgA=01","topic":4,"$$hashKey":"object:150"},{"id":"","location":5,"date":"2017-03-30T04:00:00.000Z","code":"5188","url":"https://www.weinsuredocs.org/Prod/Risk?AM1rcA=16MMPHY&AAbfgA=01","topic":5,"$$hashKey":"object:101"},{"id":"","location":4,"date":"2017-04-25T04:00:00.000Z","code":"5189","url":"https://www.weinsuredocs.org/Prod/Risk?AM1rcA=16MMPHY&AAbfgA=01","topic":5,"$$hashKey":"object:107"},{"id":"","location":0,"date":"2017-06-14T04:00:00.000Z","code":"5190","url":"https://www.weinsuredocs.org/Prod/Risk?AM1rcA=16MMPHY&AAbfgA=01","topic":5,"$$hashKey":"object:123"},{"id":"","location":17,"date":"2017-08-17T04:00:00.000Z","code":"5191","url":"https://www.weinsuredocs.org/Prod/Risk?AM1rcA=16MMPHY&AAbfgA=01","topic":5,"$$hashKey":"object:142"},{"id":"","location":4,"date":"2017-09-19T04:00:00.000Z","code":"5192","url":"https://www.weinsuredocs.org/Prod/Risk?AM1rcA=16MMPHY&AAbfgA=01","topic":5,"$$hashKey":"object:156"},{"id":"","location":4,"date":"2017-03-23T04:00:00.000Z","code":"5193","url":"https://www.weinsuredocs.org/Prod/Risk?AM1rcA=16MMPHY&AAbfgA=01","topic":6,"$$hashKey":"object:99"},{"id":"","location":12,"date":"2017-05-10T04:00:00.000Z","code":"5194","url":"https://www.weinsuredocs.org/Prod/Risk?AM1rcA=16MMPHY&AAbfgA=01","topic":6,"$$hashKey":"object:113"},{"id":"","location":5,"date":"2017-06-13T04:00:00.000Z","code":"5195","url":"https://www.weinsuredocs.org/Prod/Risk?AM1rcA=16MMPHY&AAbfgA=01","topic":6,"$$hashKey":"object:122"},{"id":"","location":4,"date":"2017-08-22T04:00:00.000Z","code":"5196","url":"https://www.weinsuredocs.org/Prod/Risk?AM1rcA=16MMPHY&AAbfgA=01","topic":6,"$$hashKey":"object:144"},{"id":"","location":0,"date":"2017-09-28T04:00:00.000Z","code":"5197","url":"https://www.weinsuredocs.org/Prod/Risk?AM1rcA=16MMPHY&AAbfgA=01","topic":6,"$$hashKey":"object:160"},{"id":"","location":17,"date":"2017-03-27T04:00:00.000Z","code":"5198","url":"https://www.weinsuredocs.org/Prod/Risk?AM1rcA=16MMPHY&AAbfgA=01","topic":7,"$$hashKey":"object:100"},{"id":"","location":10,"date":"2017-05-31T04:00:00.000Z","code":"5199","url":"https://www.weinsuredocs.org/Prod/Risk?AM1rcA=16MMPHY&AAbfgA=01","topic":7,"$$hashKey":"object:119"},{"id":"","location":4,"date":"2017-06-07T04:00:00.000Z","code":"5200","url":"https://www.weinsuredocs.org/Prod/Risk?AM1rcA=16MMPHY&AAbfgA=01","topic":7,"$$hashKey":"object:121"},{"id":"","location":0,"date":"2017-08-07T04:00:00.000Z","code":"5201","url":"https://www.weinsuredocs.org/Prod/Risk?AM1rcA=16MMPHY&AAbfgA=01","topic":7,"$$hashKey":"object:136"},{"id":"","location":14,"date":"2017-08-23T04:00:00.000Z","code":"5202","url":"https://www.weinsuredocs.org/Prod/Risk?AM1rcA=16MMPHY&AAbfgA=01","topic":7,"$$hashKey":"object:145"},{"id":"","location":0,"date":"2017-05-03T04:00:00.000Z","code":"5204","url":"https://www.weinsuredocs.org/Prod/Risk?AM1rcA=16MMPHY&AAbfgA=01","topic":8,"$$hashKey":"object:111"},{"id":"","location":15,"date":"2017-05-22T04:00:00.000Z","code":"5205","url":"https://www.weinsuredocs.org/Prod/Risk?AM1rcA=16MMPHY&AAbfgA=01","topic":8,"$$hashKey":"object:117"},{"id":"","location":3,"date":"2017-05-30T04:00:00.000Z","code":"5206","url":"https://www.weinsuredocs.org/Prod/Risk?AM1rcA=16MMPHY&AAbfgA=01","topic":8,"$$hashKey":"object:118"},{"id":"","location":8,"date":"2017-08-31T04:00:00.000Z","code":"5207","url":"https://www.weinsuredocs.org/Prod/Risk?AM1rcA=16MMPHY&AAbfgA=01","topic":8,"$$hashKey":"object:148"},{"id":"","location":5,"date":"2017-09-26T04:00:00.000Z","code":"5208","url":"https://www.weinsuredocs.org/Prod/Risk?AM1rcA=16MMPHY&AAbfgA=01","topic":8,"$$hashKey":"object:158"},{"id":"","location":4,"date":"2017-03-08T05:00:00.000Z","code":"5203","url":"https://www.weinsuredocs.org/Prod/Risk?AM1rcA=16MMPHY&AAbfgA=01","topic":8,"$$hashKey":"object:93"},{"id":1485449893695,"location":"","date":"2017-01-01T16:58:13.695Z","code":"HSCIP317","url":"https://www.weinsuredocs.org/Prod/Risk?AM1rcA=16MMPHY&AAbfgA=01","homeStudy":true,"topic":1485449679486,"$$hashKey":"object:772"},{"id":1485463551826,"location":"","date":"2017-01-01T20:45:51.826Z","code":"HSCIPII17","url":"https://www.weinsuredocs.org/Prod/Risk?AM1rcA=16MMPHY&AAbfgA=01","homeStudy":true,"topic":1485463511163,"$$hashKey":"object:821"},{"id":1485463660640,"location":"","date":"2017-01-01T20:47:40.640Z","code":"CIPHS2017","url":"https://www.weinsuredocs.org/Prod/Risk?AM1rcA=16MMPHY&AAbfgA=01","homeStudy":true,"topic":1485463591212,"$$hashKey":"object:1241"},{"id":1485463761310,"location":"","date":"2017-01-01T20:49:21.310Z","code":"5126","url":"https://www.weinsuredocs.org/Prod/Risk?AM1rcA=16MMPHY&AAbfgA=01","homeStudy":true,"topic":1485463710106,"$$hashKey":"object:1671"}]}